,0
0,Auburn Black Diamond Rd and SE Green Valley Rd Auburn WA 98092
1,NE 165th St and 179th Pl NE Redmond WA 98072
2,"Maple Valley, WA"
3,NE 138th and Juanita Drive NE Kirkland WA 98028
4,S 284th Pl and 37th Ave S Federal Way WA 98003
5,Maple Valley Black Diamond Rd and 241st Ave SE Black Diamond WA 98010
6,127th Pl SE and SE 188th Pl Kent WA 98058
7,NE 60th St and 132nd Ave NE to NE 60th St and W. Lake Sammamish Pkwy Redmond WA 98052
8,118th St and 80th Ave S Renton WA 98059
9,NE 145th St and 40th Ave NE to Bothell Way and 96th Ave NE Lake Forest Park WA 98155
10,294 45th Pl S Federal Way WA 98001
11,28500 SE Issaquah Fall City Rd Issaquah WA 98024
12,733 W. Snoqualmie River Rd NE Carnation WA 98014
13,"18015 SE Renton Maple Vlalley Hwy, Renton, 98058"
14,112th St and Pacific Hwy S Tukwila WA 98168
15,204th Ave SE and SE 248th St Maple Valley WA 98038
16,18167 Cedar Grove Rd Renton WA 98038
17,156th and 128th SE Renton WA 98055
18,149th Ave SE and Maple Valley Hwy. to SE 253rd St and Landsburg Rd SE Maple Valley WA 98032
19,310th Ave NE and Carnation Rd Carnation WA 98014
20,SE 123rd St and 164th Ave SE Renton WA 98059
21,180th Ave NE and Woodinville Duvall Road Woodinville WA 98072
22,NE Woodinville-Duvall Rd and 188th NE Woodinville WA 98072
23,18201 SE Cougar Mountain Dr Bellevue WA 98027
24,9951 Renton Issaquah Rd SE Issaquah WA 98027
25,29006 196th Ave SE Covington WA 980429227
26,11050 10th Ave SW Seattle WA 98146
27,9500 SW Dock St Vashon WA 98070
28,SW 260th St and 86th Ave SW Vashon WA 98070
29,91st Ave SW & SW 260th St Vashon WA 98070
30,26700 SE Issaquah Fall City Rd Issaquah WA 98027
31,13505 Carnation Duvall Rd Duvall WA 98019
32,NE Redmond Way and Avondale Rd NE to Rainier Blvd N and NW Gilman Blvd Sammamish WA 98029
33,216th Ave SE and SE 43rd Way to SE Klahanie Blvd and Issaquah Pine Lake Rd SE Sammamish WA 98029
34,SW Ellisport Rd and Dockton Rd SW Vashon WA 9807
35,196th NE and NE 60th Redmond WA 98052
36,205th Pl NE and NE 47th St Sammamish WA 98053
37,4101 Fall City-Carnation Rd SE (State Rt. 203) Fall City WA 98024
38,3000 Block of Neal Road SE Fall City WA 98024
39,36429 44th Ave S Auburn WA 98001
40,228th Pl SE and SE Green Valley Rd Auburn WA 98092
41,SE 392nd St and Veazie Cumberland Rd to 239th Ave SE and Hwy 410 Enumclaw WA 98022
42,Witte Rd SE and SE 221st St Maple Valley WA 98038
43,16020 148th Ave NE Woodinville WA 98072
44,280th Dr. SE and SE 63rd St Issaquah WA 98027
45,37000 190th Ave SE Auburn WA 98092
46,6800 Fort Dent Way to 104th Ave SE and SE 316th St Tukwila WA 98168
47,SE 256th St and Lake Wilderness Dr. SE to SE 288th St and Hwy 169 Maple Valley WA 98038
48,324th Ave NE and NE 11th St Carnation WA 98014
49,Auburn Black Diamond Rd and SE Green Valley Rd Auburn WA 98092
50,S 259th St and Green River Rd Kent WA 98058
51,"Access is off of SE 352nd St, Cumberland WA 98022"
52,SW 265th St east of Vashon Hwy SW Vashon WA 98070
53,Upper Preston Rd SE and 324th Pl SE Preston WA 98027
54,SW 188th St and 115th Ave SW Vashon WA 98070
55,Access through Squak Mt. trails
56,E Lake Sammamish Pkwy SE and N Front St to Highlands Dr SE and E Sunset Way Issaquah WA 98027
57,Holmes Point Dr NE and Juanita Dr NE Kirkland WA 98034
58,NE 118th St and Juanita Drive NE Kirkland WA 98034
59,232nd Ave NE and NE 140th St Redmond WA 98077
60,216401 S 300th St Black Diamond WA 98042
61,116th Ave NE at NE 140th Kingsgate WA 98034
62,SE 32nd St and 249th Ave SE to Issaquah Fall City Rd and 252nd Ave SE Issaquah WA 98029
63,24400 SE 200th St Maple Valley WA 98038
64,46th Ave S and 344th St Federal Way WA 98001
65,10911 E Lake Joy Rd NE Carnation WA 98014
66,SE 200th and 148th Ave SE Kent WA 98058
67,SE 184th St and Old Petrovitsky Rd to SE 224th St and 164th Ave SE Renton WA 98058
68,Kanaskat Kangley Rd SE and SE 296th St Kanaskat WA 98051
69,SE 253rd St and Landsburg Rd SE Ravensdale WA 98038
70,276 Ave SE and SE 224th St Maple Valley WA 98038
71,14925 Cedar Grove Road SE Maple Valley WA 98027
72,NE 103rd St and 188th Ave NE Redmond WA 98052
73,212th Ave SE and SE 370th St Black Diamond WA 98092
74,Manzanita Beach Rd SW & SW 280th Ln Vashon WA 98070
75,188th Ave SE and SE 164th St Maple Valley WA 98058
76,"164th Ave Se, Renton, WA 98058"
77,SE 138th St and 144th Ave SE Renton WA 98059
78,Vashon Hwy SW and SW 222nd St Vashon WA 98070
79,6046 West Lake Sammamish Pkwy NE Redmond WA 98052
80,176th Ave NE and NE 65th St Redmond WA 98052
81,"8215 SW 260th St Vashon, WA 98070"
82,5405 SW 244th St Vashon WA 98070
83,NE 31st St and Jones Ave NE Renton WA 98056
84,"Just north of 11205 SE May Valley Rd., Renton, WA 98059"
85,174th Ave SE and SE 164th St Renton WA 98058
86,123rd Avenue SE and SE 236th Street Kent WA 98031
87,Bear Creek Rd NE and NE 132nd St to 204th Pl NE and NE 146th St Redmond WA 98077
88,SE Middle Fork Rd and SE 116th St North Bend WA 98045
89,SE 156th St and 240th Ave SE Issaquah WA 98027
90,256th Ave SE and SE 152nd St Issaquah WA 98027
91,SE 56th St and 284th Ave SE Issaquah WA 98027
92,10902 NE Moss Lake Rd Carnation WA 98014
93,202nd Ave SE and SE Maxwell Rd Maple Valley WA 98038
94,24975 Frager Road S Kent WA 98032
95,125th Pl SW & SW 300th St Vashon WA 98070
96,Green River Rd S and SE 268th Kent WA 98031
97,SW Northilla Rd & 101st Ave Sw Vashon WA 98070
98,SE 231st and 120th Ave SE Kent WA 98058
99,14600 NE 145th St Woodinville WA 98072
100,SW 102nd St and 24th Ave SW Seattle WA 98146
101,228th Ave NE and NE Novelty Hill Rd Redmond WA 98053
102,NE 198th St and 204th Ave NE Woodinville WA 98077
103,SW 212th Pl and 111th Ave SW Vashon WA 98070
104,11058 SE 230th St Kent WA 98058
105,26201 NE Redmond-Fall City Rd Sammamish WA 98053
106,SE Petrovitsky Rd and 196th Ave SE Renton WA 98058
107,16400 Petrovitsky Rd SE Renton WA 98058
108,SW 288th St and 94th Ave SW Vashon WA 98070
109,SE 276th and 472nd SE Enumclaw WA 98022
110,51st Ave S and S 309th St Auburn WA 98001
111,Preston Fall City Rd SE and SE 87th Pl Preston WA 98027
112,Preston Fall City Rd SE and SE 86th St Preston WA 98027
113,8625 310th Ave SE Preston WA 98024
114,"SE High Point Way, North of SE 82nd St Preston WA 98027"
115,"Preston Snoqualmie Trail Site SE High Point Way, North of SE 82nd St to 372nd SE and SE 68th St Preston WA 98027"
116,224th Ave NE and NE 112th St Redmond WA 98053
117,33512 SE Redmond-Fall City Rd Fall City WA 98024
118,Kingsbury Rd SW & 80th Ave SW Vashon WA 98070
119,Preston Fall City Rd and SE 68th St Preston WA 98024
120,258th Ave NE and NE 8th St Sammamish WA 98053
121,SE Kent Kangley Rd and 272nd Ave S Ravensdale WA 98051
122,284th Ave SE and SE Kent Kangley Rd Ravensdale WA 98051
123,22915 NE Alder Crest Dr Redmond WA 98053
124,NE Alder Crest Way and 231st Way NE Redmond WA 98053
125,NE 133rd St and 211th Pl NE Woodinville WA 98072
126,NE 133rd St and 216th Ave NE Redmond WA 98072
127,130th Place SE and SE 172nd Renton WA 98058
128,232nd Ave NE and NE 162nd St Duvall WA 98077
129,96th Ave NE and NE Bothell Way to 6046 West Lake Sammamish Pkwy NE Woodinville WA 98072
130,107th Ave SW & SW 153rd St Vashon WA 98070
131,SE 100th St and 128th SE Renton WA 98059
132,NE 116th St and 154th Pl NE Redmond WA 98052
133,S 120th Pl and 70th Pl S Seattle WA 98178
134,NE 205th St and Hwy 203 to Cedar Falls Rd SE and SE 192nd St Carnation WA 98014
135,25992 NE 8th St Sammamish WA 98053
136,140th Ave SE and SE 206th St Kent WA 98042
137,140th Way SE and Hwy 169 to SE 266th St and 148th SE Kent WA 98042
138,SE 216th and 148th Avenue SE Kent WA 98058
139,S 358th St and Military Road S Auburn WA 98001
140,18356 West Spring Lake Dr Renton WA 98059
141,SE 111th St and Issaquah-Hobart Rd Issaquah WA 98027
142,1321 SW 102nd St Seattle WA 98146
143,Carnation Duvall Rd NE and NE Stillwater Hill Rd Carnation WA 98014
144,Approximately 323rd Ave SE and SE 285th St Ravensdale WA 98051
145,433rd Ave SE and SE Mt. Si Rd North Bend WA 98045
146,276th Ave SE and 192nd St or SE 208th St and 295th Pl SE Hobart WA 98038
147,8394 North Fork Rd SE Snoqualmie WA 98045
148,900 North Bend Blvd N North Bend WA 98045
149,31020 NE 40th St Carnation WA 98014
150,100th Ave NE and NE 64th St to NE 132nd St and Big Rock Rd Woodinville WA 98072
151,NE 162nd St and 208th Ave NE to NE Woodinville Duvall Rd and 210th Ave NE Woodinville WA 98077
152,122nd Ave NE and Woodinville Drive NE to 154th Ave NE and NE 81st St Woodinville WA 98072
153,188th Ave SE and SE 170th St Renton WA 98055
154,SW 102nd St and 7th Ave SW Seattle WA 98146
155,102nd Street SW and 12th Avenue SW Burien WA 98146
156,SE Green Valley Rd and 218th Ave SE Auburn WA 98092
157,650 SW Campus Drive Federal Way WA 98023
